[
    {
        "ViolatedRulesCount": 3,
        "MissedLessonsCount": 0,
        "OpenedLecture": 10,
        "IsSubscribed": true,
        "Id": 409433510718210058,
        "Name": "Konstantin",
        "Surname": "Gorbunov",
        "Mail": "gorbunov.kostya@bk.ru"
    },
    {
        "ViolatedRulesCount": 0,
        "MissedLessonsCount": 0,
        "OpenedLecture": 10,
        "IsSubscribed": true,
        "Id": 336582169050873856,
        "Name": "Denis",
        "Surname": "Dobrenko",
        "Mail": "zalman_hack@mail.com"
    },
    {
        "ViolatedRulesCount": 0,
        "MissedLessonsCount": 0,
        "OpenedLecture": 10,
        "IsSubscribed": true,
        "Id": 769362839264952322,
        "Name": "Denis",
        "Surname": "Dobrenko Fake",
        "Mail": "dobrenko44@gmail.com"
    }
]
